{"cameraMode":{"drawMode":0,"name":"Shaded","section":"Shading Mode"},"sceneLighting":true,"audioPlay":false,"sceneViewState":{"showFog":true,"showMaterialUpdate":false,"showSkybox":true,"showFlares":true,"showImageEffects":true,"showParticleSystems":true},"in2DMode":false,"pivot":{"x":559.5258178710938,"y":2.1237967014312746,"z":239.8250732421875},"rotation":{"x":-0.0014628664357587696,"y":-0.7168318629264832,"z":-0.0006607738323509693,"w":0.6976533532142639},"size":0.5626810789108276,"orthographic":false}